call_date,user_id,lead_id,org_id,call_connected
23/05/2024 05:37,f38197ca-8c60-467c-8c99-8f202b0aec14,add0dfb3-eff7-408c-b6e2-ab1f56dcb734,999,0
23/05/2024 06:01,ae3fae95-5e3a-40cc-9c01-5779ec9d4010,ef76d2ca-c1a2-47ba-b48c-3ae18155cc88,999,1
23/05/2024 06:36,ae3fae95-5e3a-40cc-9c01-5779ec9d4010,334c9162-21ed-4bd3-bd02-d2c6a93d593b,999,0
23/05/2024 07:32,ae3fae95-5e3a-40cc-9c01-5779ec9d4010,7948c411-dc04-4fac-ad49-dde5727c5109,999,0
23/05/2024 11:24,f38197ca-8c60-467c-8c99-8f202b0aec14,9376f9d1-bc61-4dbf-bb78-3bac588b0712,999,0
23/05/2024 11:29,f38197ca-8c60-467c-8c99-8f202b0aec14,426ab3ba-63bc-42ae-9855-ca583ff06274,999,0
23/05/2024 11:35,f38197ca-8c60-467c-8c99-8f202b0aec14,dc17d7ec-57f4-4807-98e0-a1962fd5900d,999,1
23/05/2024 12:35,f38197ca-8c60-467c-8c99-8f202b0aec14,09548bc1-f4c8-4c04-961b-38d645a018ff,999,0
24/05/2024 06:40,ae3fae95-5e3a-40cc-9c01-5779ec9d4010,1e26af97-19c2-4cd8-a885-577e8ce37a14,999,1
24/05/2024 07:02,ae3fae95-5e3a-40cc-9c01-5779ec9d4010,7ce1ff23-4d0a-412e-a7ed-f18e3ce53301,999,1
24/05/2024 07:03,ae3fae95-5e3a-40cc-9c01-5779ec9d4010,dac839d7-afaf-4c06-b45b-2a6eab26ab0b,999,0
24/05/2024 07:06,ae3fae95-5e3a-40cc-9c01-5779ec9d4010,868315a3-848f-4335-b251-38f6df39aa4f,999,0
24/05/2024 09:45,b78f8404-d9cf-4396-be4e-340990e58fa4,a0ce4c22-7ddb-436a-adb1-c7cfa5b7afe4,777,0
24/05/2024 09:46,b78f8404-d9cf-4396-be4e-340990e58fa4,9e61aed8-1747-4518-a16b-1afbdf11f6ca,777,1
24/05/2024 09:47,b78f8404-d9cf-4396-be4e-340990e58fa4,065886c0-03e0-464d-acaa-bd33f209def8,777,0
24/05/2024 11:56,f38197ca-8c60-467c-8c99-8f202b0aec14,f8f96ba6-6d26-457b-b443-0728f89e7480,999,0
26/05/2024 06:57,f38197ca-8c60-467c-8c99-8f202b0aec14,501382a4-6725-4441-b863-bb62f9f5821c,999,1
26/05/2024 08:57,2de56372-3966-4ceb-859f-26a55d40c6eb,beca06b9-cf29-4734-ae9c-17b9a6bebcdc,888,1
26/05/2024 09:47,a4266697-0b3e-4442-99da-724df797ec6c,29ab4efe-c932-4906-9d97-b88a875f4461,888,0
26/05/2024 10:52,a4266697-0b3e-4442-99da-724df797ec6c,29ab4efe-c932-4906-9d97-b88a875f4461,888,0
26/05/2024 11:23,2de56372-3966-4ceb-859f-26a55d40c6eb,30990387-d173-4cc2-a0ed-34e35afe71f6,888,0
26/05/2024 11:56,a8fb82f6-197f-44ab-b1e4-7cad2dca8607,d18cb1c5-0f92-46c7-9ebb-4311a798ea64,88,0
26/05/2024 11:59,a8fb82f6-197f-44ab-b1e4-7cad2dca8607,d18cb1c5-0f92-46c7-9ebb-4311a798ea64,88,1
27/05/2024 05:01,f38197ca-8c60-467c-8c99-8f202b0aec14,feb5722f-5bb6-417f-a3d4-d445c35988f8,999,1
27/05/2024 05:18,f38197ca-8c60-467c-8c99-8f202b0aec14,29fc343a-f75b-4a3a-b8b7-95bee22a8788,999,1
27/05/2024 06:17,a8fb82f6-197f-44ab-b1e4-7cad2dca8607,d18cb1c5-0f92-46c7-9ebb-4311a798ea64,88,0
27/05/2024 06:55,f38197ca-8c60-467c-8c99-8f202b0aec14,b0308260-afdf-45d3-81be-7c45127df2ff,999,0
27/05/2024 06:57,f38197ca-8c60-467c-8c99-8f202b0aec14,124a9f0d-635e-4186-9d8c-ee92a954b7ce,999,1
27/05/2024 09:30,f38197ca-8c60-467c-8c99-8f202b0aec14,087d63e6-0da9-4479-84dd-7f34f31e5316,999,1
27/05/2024 09:54,2de56372-3966-4ceb-859f-26a55d40c6eb,7dfe546b-b084-497e-b283-13ac97403168,888,0
27/05/2024 09:55,2de56372-3966-4ceb-859f-26a55d40c6eb,6a82e051-6ded-43b4-bb20-0bfc9c8b54c5,888,0
27/05/2024 09:56,a8fb82f6-197f-44ab-b1e4-7cad2dca8607,85bdc714-35ea-4029-90bd-cd0725e7e9cf,88,0
27/05/2024 09:56,a4266697-0b3e-4442-99da-724df797ec6c,943d85cc-20fa-4f30-8248-5165899b376a,888,0
27/05/2024 09:56,046d47bf-df6b-4f02-9484-a54ec2b68707,35e58994-23ed-40de-a755-23bf4efedea3,888,0
27/05/2024 10:01,2de56372-3966-4ceb-859f-26a55d40c6eb,fc1f6d84-41ce-4e63-9251-f208e618f052,888,0
27/05/2024 10:03,2de56372-3966-4ceb-859f-26a55d40c6eb,c1e95a37-0121-49e6-9fcd-e53833c506bd,888,0
27/05/2024 10:03,046d47bf-df6b-4f02-9484-a54ec2b68707,f94f747d-f338-4300-81aa-251bb918cd18,888,0
27/05/2024 10:26,a4266697-0b3e-4442-99da-724df797ec6c,69c4efe5-cc17-49a9-b304-a88c9f431bcf,888,0
27/05/2024 10:34,046d47bf-df6b-4f02-9484-a54ec2b68707,45f1afd4-3334-467b-a8a3-0e11d1cb7256,888,0
27/05/2024 10:38,ed539398-5477-44ec-a7e1-f1ceec3924d1,845c7627-036c-49d8-8914-b87c6369b09e,888,0
27/05/2024 10:39,2de56372-3966-4ceb-859f-26a55d40c6eb,fb2dd87d-6970-45fe-9226-bd32156dbaf6,888,0
27/05/2024 10:42,2de56372-3966-4ceb-859f-26a55d40c6eb,abaa9663-609d-4954-86f1-dba2d91eb6de,888,0
27/05/2024 11:10,2de56372-3966-4ceb-859f-26a55d40c6eb,97335e1a-fc20-4fea-aaf7-2977d6c7687f,888,1
27/05/2024 12:22,f38197ca-8c60-467c-8c99-8f202b0aec14,eabf4230-0afa-4e76-b971-0058bd7ff84e,999,1
29/05/2024 06:55,b2b4a5a9-df17-453b-b4ce-e69deea22ee4,5797ed22-fe18-48b7-ad20-e35d8440af52,11,0
29/05/2024 11:01,f38197ca-8c60-467c-8c99-8f202b0aec14,07369d64-4415-4581-ab69-678cf4da69e3,999,0
30/05/2024 07:09,a8fb82f6-197f-44ab-b1e4-7cad2dca8607,85bdc714-35ea-4029-90bd-cd0725e7e9cf,88,1
30/05/2024 08:40,a8fb82f6-197f-44ab-b1e4-7cad2dca8607,da6e191c-ef2b-4e58-b09d-c09e1deeb2fd,88,1
30/05/2024 08:41,a8fb82f6-197f-44ab-b1e4-7cad2dca8607,da6e191c-ef2b-4e58-b09d-c09e1deeb2fd,88,1
30/05/2024 10:19,83c6a0b3-744c-469f-9eb9-ceab2f5c6456,351b67ba-aa1d-43fd-a093-21c6c93aec9a,88,0
30/05/2024 10:25,83c6a0b3-744c-469f-9eb9-ceab2f5c6456,351b67ba-aa1d-43fd-a093-21c6c93aec9a,88,0
30/05/2024 12:51,a8fb82f6-197f-44ab-b1e4-7cad2dca8607,d520d4d7-1ba8-4d0e-8860-9a4ff526d2a1,88,1
31/05/2024 05:36,83c6a0b3-744c-469f-9eb9-ceab2f5c6456,351b67ba-aa1d-43fd-a093-21c6c93aec9a,88,0
06/06/2024 10:03,e453591e-3dc4-44e8-a023-912596f30c6a,46f2748e-e268-423a-875e-ce95890a1ae4,777,0
06/06/2024 11:44,b78f8404-d9cf-4396-be4e-340990e58fa4,ade6782c-35b7-4049-8e06-df63c0e41e50,777,1
06/06/2024 11:47,b78f8404-d9cf-4396-be4e-340990e58fa4,ade6782c-35b7-4049-8e06-df63c0e41e50,777,0
06/06/2024 11:49,b78f8404-d9cf-4396-be4e-340990e58fa4,7c23bf64-7163-4664-ad75-26cd7938a328,777,0
06/06/2024 21:04,b78f8404-d9cf-4396-be4e-340990e58fa4,5a2d0475-a946-4fb3-b7e3-559339b31510,777,0
09/06/2024 08:48,b78f8404-d9cf-4396-be4e-340990e58fa4,db7c3348-2a2f-4fd8-b89f-cf9f6f11d156,777,0
09/06/2024 08:48,b78f8404-d9cf-4396-be4e-340990e58fa4,a131270b-ae49-4f19-8bb1-637ee340dcb2,777,0
09/06/2024 09:26,b78f8404-d9cf-4396-be4e-340990e58fa4,a4c72b23-74b0-4aec-840e-dd9955d8f645,777,0
13/06/2024 10:08,046d47bf-df6b-4f02-9484-a54ec2b68707,70b8b5d9-2d26-4237-9007-67c53dd3e69d,888,0
13/06/2024 10:09,046d47bf-df6b-4f02-9484-a54ec2b68707,4f67f83a-f09b-43eb-a473-a1c73e6d8b5e,888,0
13/06/2024 10:20,046d47bf-df6b-4f02-9484-a54ec2b68707,8f3e22fe-49ce-45d8-b3be-97996a8fecbd,888,0
15/06/2024 05:50,b78f8404-d9cf-4396-be4e-340990e58fa4,57f1da98-0ac2-4306-a7b8-9915efcd76ca,777,1
15/06/2024 06:54,b78f8404-d9cf-4396-be4e-340990e58fa4,7c498a6c-6deb-416a-a375-28f7b9d56c35,777,0
15/06/2024 07:07,b78f8404-d9cf-4396-be4e-340990e58fa4,4e02925a-4efa-4016-b438-34c71bd0cbc2,777,0
15/06/2024 07:07,b78f8404-d9cf-4396-be4e-340990e58fa4,4be567a7-0f8b-4b20-a75f-9e9a7657e65a,777,0
15/06/2024 07:08,b78f8404-d9cf-4396-be4e-340990e58fa4,323a3d40-ee93-4401-845b-6256875e2310,777,0
15/06/2024 07:08,b78f8404-d9cf-4396-be4e-340990e58fa4,1f4354c2-1e15-41ad-917e-71960e3da889,777,0
15/06/2024 07:09,b78f8404-d9cf-4396-be4e-340990e58fa4,b1cfe09a-045f-44b2-81ab-6aae5b0a6b0d,777,0
15/06/2024 07:10,b78f8404-d9cf-4396-be4e-340990e58fa4,53176a79-17a1-49a6-ae9a-81debe247fe7,777,0
17/06/2024 12:06,571d40e9-cd77-4a4b-a681-6ccaad2acec7,cb2ba92e-a8d0-417b-abea-0246858d99e2,888,0
19/06/2024 07:22,b78f8404-d9cf-4396-be4e-340990e58fa4,bf9a12d1-7c38-4ebe-996a-d7a5fa950769,777,0
20/06/2024 09:28,53e827d0-ea5b-4c2d-8dea-60b2427acca0,0057e487-ca17-4a14-b205-400c0448c395,44,0
20/06/2024 10:34,b2b4a5a9-df17-453b-b4ce-e69deea22ee4,84faad73-e58f-4396-bc0e-af4c70987d71,11,1
20/06/2024 11:32,3f864594-91b7-4e63-afbe-aaa7b3f6633d,dfcba3f2-7f59-43e7-9622-f71fe1b188e8,1111,1
20/06/2024 11:57,3f864594-91b7-4e63-afbe-aaa7b3f6633d,42471e0c-0a3f-40f9-9d1e-1ba0f223624d,1111,1
20/06/2024 12:10,b2b4a5a9-df17-453b-b4ce-e69deea22ee4,f7cdbcdf-a073-4f0d-b38e-b0b76ee7bef4,11,1
20/06/2024 13:10,2f157d67-976c-4a8d-bbd6-58b08d2e718d,21ade085-a838-4a88-b6ae-9285aa8612f1,22,1
20/06/2024 14:22,d370f655-a850-43d3-ac11-361ba44ec385,84a9fe21-b716-4b41-b2a1-b3e2a0257bbe,55,0
20/06/2024 17:39,d370f655-a850-43d3-ac11-361ba44ec385,b4533029-1a19-43e0-9951-e280d7007c51,55,0
21/06/2024 05:21,b2b4a5a9-df17-453b-b4ce-e69deea22ee4,2f0916c4-b63d-4120-aba9-ab0fbfa6ef66,11,1
21/06/2024 05:49,4deba706-33ab-4b35-9e4c-f0cbd183b6c0,d40cc606-3c94-418b-bc6b-012f850838aa,444,1
21/06/2024 05:52,4deba706-33ab-4b35-9e4c-f0cbd183b6c0,aff474b0-c791-407f-a0c7-9246629c7806,444,1
21/06/2024 06:01,4deba706-33ab-4b35-9e4c-f0cbd183b6c0,54fa1513-02b9-41a8-90f8-38012315ad01,444,1
21/06/2024 06:24,c9c78bd6-b8fb-41c6-9e5b-d571870f48b8,f7b79916-6f72-4a98-8d44-ee0f07c7c497,33,1
21/06/2024 06:35,b2b4a5a9-df17-453b-b4ce-e69deea22ee4,1fd028b9-e17c-4fe9-af75-b660aeb84a7e,11,1
21/06/2024 06:43,650be7d8-ae90-4e03-9900-1f97a8e29f72,dc78d5ac-5619-410c-8dbd-27a6c91b979a,22,0
21/06/2024 07:02,4deba706-33ab-4b35-9e4c-f0cbd183b6c0,1665bb93-6ec7-47b5-a5fb-4e9c9baf5a05,444,1
21/06/2024 07:09,c9c78bd6-b8fb-41c6-9e5b-d571870f48b8,6a1c91df-163e-4307-a17b-46d8e2409b28,33,1
21/06/2024 07:12,c9c78bd6-b8fb-41c6-9e5b-d571870f48b8,e76d1c0e-1456-4c29-9a7e-6a4787a7a83b,33,1
21/06/2024 07:19,86fc5bbf-abb6-482d-86d5-18f56de9a959,1e0decd6-1aca-43cc-bc21-e20f62f0a15b,77,0
21/06/2024 08:26,fcfaa907-26d8-4402-8810-6b402b18c4cf,cd4557c1-888f-4db9-8479-369fd6da59da,33,1
21/06/2024 08:32,514b7f16-c99b-4000-91d2-a77e69121ec0,a15d63b3-eb30-4564-8d02-6b5ea474d74d,33,0
21/06/2024 08:38,3b99dd3a-7315-4c69-bd9f-e6cc1453ca49,b77740a8-a228-4451-b766-8047ac44f8ec,99,0
21/06/2024 08:44,3b99dd3a-7315-4c69-bd9f-e6cc1453ca49,590e0a3c-952d-478f-a566-6cd4bd2b54a3,99,0
21/06/2024 08:59,58126794-3f18-4bb0-8e01-ca6969728a60,a05e0ccc-e3fd-48b4-9442-3f51aa0d78b8,77,1
21/06/2024 09:11,d370f655-a850-43d3-ac11-361ba44ec385,daeae6a7-92bd-4710-8348-19735b09a62e,55,0
21/06/2024 09:50,a8af1158-8eda-4107-be1e-6caae42fad8f,be0e1e27-dc69-4578-85d6-b7f34be17d37,77,1
21/06/2024 09:52,306d8910-942b-424a-80a7-058dce39ad91,aa75ee82-fc14-4852-ab64-47e629ab9c17,77,1
21/06/2024 09:54,2f157d67-976c-4a8d-bbd6-58b08d2e718d,f620a909-1ae9-444d-994b-8bfff3559357,22,1
21/06/2024 10:27,a8af1158-8eda-4107-be1e-6caae42fad8f,49c77b87-0cd8-4c92-b7b4-40a46bc41c31,77,1
21/06/2024 10:50,b2b4a5a9-df17-453b-b4ce-e69deea22ee4,6810e94f-0a36-419c-914f-5b07c2bd409f,11,1
21/06/2024 11:35,2f157d67-976c-4a8d-bbd6-58b08d2e718d,41567533-e73e-41ac-8a33-9968dd93581c,22,1
21/06/2024 11:44,2f157d67-976c-4a8d-bbd6-58b08d2e718d,a1acae4c-3e8e-482c-9bb8-fa902a3d08c2,22,1
21/06/2024 11:59,af261405-bdc6-40c1-9244-9ddc793b1a2c,8186a0de-abba-41d2-b8ea-b82dd6d741c8,22,0
22/06/2024 04:18,387746ef-eb76-4040-8bb6-18a61e294559,2123e6b7-0e56-436d-9655-6742fdfda32d,1111,1
22/06/2024 04:19,3f864594-91b7-4e63-afbe-aaa7b3f6633d,a3530196-6fa7-4477-b804-8e2025157271,1111,0
22/06/2024 04:25,387746ef-eb76-4040-8bb6-18a61e294559,d8554c27-3dbc-40b6-9f4f-ba29513fc864,1111,1
22/06/2024 04:26,387746ef-eb76-4040-8bb6-18a61e294559,2ad5ad61-e237-4afa-9981-7c3167ec050b,1111,1
22/06/2024 04:26,8063ef4d-4bec-4229-80ba-0f06c5269c10,21e1faf8-4e33-42f3-8c5d-b99f1f8ae27d,55,0
22/06/2024 04:34,2a8bf277-cb1b-44a0-b516-715d771012d8,05854707-ce1e-45c2-8ecb-8b49133fe2db,444,1
22/06/2024 05:06,b2b4a5a9-df17-453b-b4ce-e69deea22ee4,d4614031-9477-4da4-a168-debc8fb10d0d,11,1
22/06/2024 05:36,fcfaa907-26d8-4402-8810-6b402b18c4cf,bc24c85d-01b5-4ef6-ad1d-7e73e90c4bf3,33,0
22/06/2024 06:02,b2b4a5a9-df17-453b-b4ce-e69deea22ee4,a911c0dd-e763-43fe-9bde-1942829cc496,11,1
22/06/2024 06:32,650be7d8-ae90-4e03-9900-1f97a8e29f72,e40aecbe-ff77-48b4-a0a0-bcfb2e339d8d,22,1
22/06/2024 06:36,2def2916-6339-4856-b143-c2e8c058aeb5,100575b6-70c4-4835-bf58-1a53b24b4c43,444,0
22/06/2024 06:36,a8af1158-8eda-4107-be1e-6caae42fad8f,6bbb0d80-96e4-4f1e-9850-9bfc9bed83d0,77,0
22/06/2024 06:36,650be7d8-ae90-4e03-9900-1f97a8e29f72,fe6112f6-f60f-41e0-a0ec-d971b356838e,22,1
22/06/2024 07:01,fcfaa907-26d8-4402-8810-6b402b18c4cf,60483ba0-9f84-4438-ba07-63269b269d0f,33,0
22/06/2024 07:08,e456be53-565f-46a7-92ab-66f5d28a727a,cd46867a-755d-46df-b349-af4eaa5cad61,77,0
22/06/2024 07:19,fcfaa907-26d8-4402-8810-6b402b18c4cf,d9d2b66d-cf28-4f66-8835-8235c869578c,33,1
22/06/2024 07:23,b2b4a5a9-df17-453b-b4ce-e69deea22ee4,c2c7b68c-bc4e-430f-87b9-b4aba6aa38d0,11,1
22/06/2024 07:23,b2b4a5a9-df17-453b-b4ce-e69deea22ee4,4a7005e7-ee1f-4940-814b-2586b05a7f8f,11,1
22/06/2024 08:38,e456be53-565f-46a7-92ab-66f5d28a727a,796b9084-b7ac-42f4-bb60-59dc8445bba1,77,1
22/06/2024 08:57,b2b4a5a9-df17-453b-b4ce-e69deea22ee4,e5f0246d-1653-4cdb-be4f-dd8d8c54fe71,11,1
22/06/2024 08:57,b2b4a5a9-df17-453b-b4ce-e69deea22ee4,d93c033c-396f-4bd1-9e82-995b4606dcc2,11,1
22/06/2024 08:58,4adf6de6-c1a9-458c-9e37-63984059f344,556bf92b-6b48-4381-b771-cd2731e3d9fe,55,0
22/06/2024 08:58,a8af1158-8eda-4107-be1e-6caae42fad8f,9668dc88-e3db-41fc-ae5a-dd052f2f3f56,77,1
22/06/2024 09:02,2def2916-6339-4856-b143-c2e8c058aeb5,211d4f1f-fe81-4c9e-9d9f-3031348cedb9,444,0
22/06/2024 09:19,2def2916-6339-4856-b143-c2e8c058aeb5,da7c74ab-5d8f-4f43-b280-9e580bcddc0c,444,1
22/06/2024 09:21,b2b4a5a9-df17-453b-b4ce-e69deea22ee4,2e5e33a1-84df-4e81-bfc4-df6de0f23e85,11,1
22/06/2024 10:08,a52bc46a-9c9c-486b-a2a4-47b705cae666,23f24eb1-a7b0-425a-a3e7-315c2ebfdc9e,55,1
22/06/2024 10:20,2f157d67-976c-4a8d-bbd6-58b08d2e718d,be1cd348-9347-4fe0-9bfa-2e2fd09095dd,22,1
22/06/2024 10:32,514b7f16-c99b-4000-91d2-a77e69121ec0,74fce47f-db44-41b3-9c95-e58d1c06b86c,33,0
22/06/2024 10:39,b2b4a5a9-df17-453b-b4ce-e69deea22ee4,9960ed1c-e924-459a-ad10-0270bf28370f,11,1
22/06/2024 10:43,66151bcf-11f2-43a0-bee9-ac64086bbb70,3a7ff314-bd68-4357-b875-c9325ae8f1aa,22,1
22/06/2024 10:58,3f864594-91b7-4e63-afbe-aaa7b3f6633d,fcad6076-369c-4eb0-be64-469d819e3733,1111,0
22/06/2024 11:15,b2b4a5a9-df17-453b-b4ce-e69deea22ee4,f03b24a1-3bce-406f-8081-86ee1592b817,11,1
22/06/2024 11:15,b2b4a5a9-df17-453b-b4ce-e69deea22ee4,c2c7b68c-bc4e-430f-87b9-b4aba6aa38d0,11,1
22/06/2024 11:33,3f864594-91b7-4e63-afbe-aaa7b3f6633d,2458783c-3cae-4d25-aa3d-d5376b73f45f,1111,1
22/06/2024 11:53,4deba706-33ab-4b35-9e4c-f0cbd183b6c0,b7e77c2b-077b-495d-9f74-cb513c09d6b4,444,1
22/06/2024 11:57,4deba706-33ab-4b35-9e4c-f0cbd183b6c0,3f7451c6-3a5c-4732-8972-a79f88d068a9,444,1
22/06/2024 12:10,af261405-bdc6-40c1-9244-9ddc793b1a2c,4797eae1-0b51-4196-8fdf-92bf210cbda1,22,1
22/06/2024 12:36,387746ef-eb76-4040-8bb6-18a61e294559,0c1ad162-13bd-4a78-91f2-e1bdff838d38,1111,1
22/06/2024 12:43,606744cc-c962-4599-af89-8af5881a27e7,39fa137e-f56a-41ba-a0e0-97ab42faea36,1111,0
22/06/2024 12:48,387746ef-eb76-4040-8bb6-18a61e294559,a5623bb3-6ffa-437b-a1e5-0d2434a4f1a5,1111,1
22/06/2024 12:52,606744cc-c962-4599-af89-8af5881a27e7,4ecdf05b-bf2c-4ef7-9480-39e912518e96,1111,0
22/06/2024 12:53,606744cc-c962-4599-af89-8af5881a27e7,31297630-d0e5-4bbc-9e6e-0ad3a80a6569,1111,0
22/06/2024 13:14,606744cc-c962-4599-af89-8af5881a27e7,ed97adf5-e102-4823-8b84-038de6f9ef49,1111,0
22/06/2024 13:37,387746ef-eb76-4040-8bb6-18a61e294559,7b5c9ca5-fa2e-4e02-8b66-3a5e14305944,1111,0
22/06/2024 14:06,606744cc-c962-4599-af89-8af5881a27e7,a7fedd31-d078-4d3a-b93f-234ccfb578d3,1111,0
22/06/2024 14:08,606744cc-c962-4599-af89-8af5881a27e7,85c1a8ac-764e-438b-849f-45a13ed717ba,1111,1
23/06/2024 04:51,b2b4a5a9-df17-453b-b4ce-e69deea22ee4,78011659-e8a1-4b3a-bd56-359deeabf628,11,1
23/06/2024 04:54,c9c78bd6-b8fb-41c6-9e5b-d571870f48b8,bf1ea726-be31-4b6d-a90f-fb8653ae1fb6,33,0
23/06/2024 05:03,c9c78bd6-b8fb-41c6-9e5b-d571870f48b8,b7e12100-aa91-4bcc-af98-ddda36dfddc6,33,1
23/06/2024 05:11,fcfaa907-26d8-4402-8810-6b402b18c4cf,e5d92df5-a74f-44b1-84b1-f0beac60df75,33,0
23/06/2024 05:18,2def2916-6339-4856-b143-c2e8c058aeb5,8b72be6d-690e-4b9e-98a1-2f49c4e1d24b,444,0
23/06/2024 05:34,a52bc46a-9c9c-486b-a2a4-47b705cae666,3c77b383-582e-4e8d-8bbb-34b60aa34abe,55,1
23/06/2024 05:36,650be7d8-ae90-4e03-9900-1f97a8e29f72,72cae828-1671-4af0-9661-ac83dca84260,22,1
23/06/2024 05:43,6fb70030-d50e-4b45-8e26-c4922e74f50d,1bea4028-0386-42cf-88ff-de3201e46992,99,1
23/06/2024 05:56,514b7f16-c99b-4000-91d2-a77e69121ec0,15210be1-6c1e-4f25-bc8c-d02c76b0c11d,33,1
23/06/2024 06:01,fcfaa907-26d8-4402-8810-6b402b18c4cf,a2b1a0c4-49c4-4031-835b-272a115fbf9b,33,1
23/06/2024 06:01,514b7f16-c99b-4000-91d2-a77e69121ec0,1bccd4d6-e7f0-47df-a88c-92a2c87ec5b3,33,0
23/06/2024 06:03,6fb70030-d50e-4b45-8e26-c4922e74f50d,182faa69-5235-41f7-a2cb-9236c5b4b8d3,99,0
23/06/2024 06:13,6fb70030-d50e-4b45-8e26-c4922e74f50d,437df35a-dd78-4588-91f3-fee7a8ea5b34,99,1
23/06/2024 06:33,514b7f16-c99b-4000-91d2-a77e69121ec0,36f95877-25df-4888-b54c-62cebe9b1d2f,33,1
23/06/2024 06:48,2def2916-6339-4856-b143-c2e8c058aeb5,46b192ab-267e-420a-a32f-3ac16918f301,444,1
23/06/2024 07:18,c9c78bd6-b8fb-41c6-9e5b-d571870f48b8,5e6a3d4c-7646-47e1-a628-811f06af5dae,33,0
23/06/2024 07:19,86fc5bbf-abb6-482d-86d5-18f56de9a959,695b5497-2cc9-4138-b35b-ca73b038a15b,77,1
23/06/2024 07:26,66151bcf-11f2-43a0-bee9-ac64086bbb70,2337314e-34fa-4478-979c-cb2353cc94ef,22,1
23/06/2024 07:43,af261405-bdc6-40c1-9244-9ddc793b1a2c,4d350a68-4d4a-4324-a5a4-ea74ab7cce27,22,0
23/06/2024 08:02,af261405-bdc6-40c1-9244-9ddc793b1a2c,4cfe687f-9d58-4bab-b52d-27663c2f1d41,22,0
23/06/2024 08:06,55fa1c41-7d48-428a-8134-35810c905187,83cf0098-56b3-470c-be52-584f26420cea,22,0
23/06/2024 08:16,d11b1c21-fb3f-4ed6-938c-bf38c77817c1,4fb5e163-a2ee-4dcc-b7ce-8f1f3ae057aa,11,1
23/06/2024 08:38,86fc5bbf-abb6-482d-86d5-18f56de9a959,857ae616-9f88-416a-8a3c-53d731a0aff5,77,1
23/06/2024 08:43,d11b1c21-fb3f-4ed6-938c-bf38c77817c1,4ab24252-b1bb-470a-886d-10bc7c0d3d41,11,1
23/06/2024 08:51,c9c78bd6-b8fb-41c6-9e5b-d571870f48b8,8b0583fd-b3fb-4053-afb0-3bc3e6a19d52,33,0
23/06/2024 08:53,a8af1158-8eda-4107-be1e-6caae42fad8f,2db340a0-03f9-47f2-8684-2ff7a1f102f9,77,0
23/06/2024 09:16,d11b1c21-fb3f-4ed6-938c-bf38c77817c1,0b477900-955d-479f-b43f-fb2371739c45,11,1
23/06/2024 09:37,e453591e-3dc4-44e8-a023-912596f30c6a,a38ce098-20c4-4264-bb2d-9a128e225a1e,777,0
23/06/2024 10:35,650be7d8-ae90-4e03-9900-1f97a8e29f72,a14dccd4-5f5e-4c35-9a9c-8ec93a8f7529,22,1
23/06/2024 12:22,16b85637-387c-4f7c-bb0a-52c88e9e644f,6723fb2b-4a99-4a2c-9c1a-5bc8a68822fb,55,0
23/06/2024 12:56,3f864594-91b7-4e63-afbe-aaa7b3f6633d,9e667456-e412-4c7e-9e6d-67d25c899d5d,1111,1
23/06/2024 13:11,4adf6de6-c1a9-458c-9e37-63984059f344,49e30593-9a80-4590-89d5-78e0ca8fdcf6,55,0
23/06/2024 15:11,8063ef4d-4bec-4229-80ba-0f06c5269c10,b559ae20-80f9-432b-be87-b505a522b17c,55,1
23/06/2024 16:21,16b85637-387c-4f7c-bb0a-52c88e9e644f,713e3201-f68e-4696-8764-64f7806f6dfe,55,0
24/06/2024 02:55,4adf6de6-c1a9-458c-9e37-63984059f344,7a1d9a29-05d8-42cb-9b00-63a1a3b7e2ae,55,0
24/06/2024 04:58,89497e75-c201-467b-a0ee-f72d4935407d,d585a357-2ad7-4211-9b4c-cf10514e4c00,222,1
24/06/2024 05:24,48acc1d6-d7a8-4f3f-ac40-c3023e6978ad,5771d23a-fcdc-4c02-b537-93083419932b,222,0
24/06/2024 05:35,48acc1d6-d7a8-4f3f-ac40-c3023e6978ad,7e7bb0e2-0f1a-469a-ad10-6a8c16bcad6f,222,0
24/06/2024 05:38,48acc1d6-d7a8-4f3f-ac40-c3023e6978ad,8f901444-8de1-4d13-b485-60c2f396ab17,222,1
24/06/2024 05:48,f08ea652-75b2-4476-b1d6-7242b9892b06,b9ecfe62-b146-4a02-9ff1-370f680feeaa,77,0
24/06/2024 05:53,fd489fa4-d769-40ca-830b-5570853ae596,f68a92d9-f8be-4c1d-bce9-08db934228da,222,1
24/06/2024 06:27,2def2916-6339-4856-b143-c2e8c058aeb5,aa302ae9-d592-4326-8106-d7f459115179,444,0
24/06/2024 06:29,2def2916-6339-4856-b143-c2e8c058aeb5,fc55170c-6947-4618-80fa-657830bfb32a,444,0
24/06/2024 06:37,89497e75-c201-467b-a0ee-f72d4935407d,112d2f7e-7674-402e-816d-3c74ac4762f1,222,1
24/06/2024 06:44,2def2916-6339-4856-b143-c2e8c058aeb5,a90eccf4-cc1e-431b-9df7-211a04acfdc6,444,0
24/06/2024 07:01,859ad6de-fff7-4a1a-a3fb-9a796219fb5a,a3d2128b-3b01-4764-8891-b621a7f4ee3f,44,1
24/06/2024 07:05,650be7d8-ae90-4e03-9900-1f97a8e29f72,666ba7bb-cb94-4e6e-aff2-a3e1361d2192,22,1
24/06/2024 07:14,4deba706-33ab-4b35-9e4c-f0cbd183b6c0,7f61ffff-79d2-456e-8e44-3a876ddb32f5,444,1
24/06/2024 07:20,89497e75-c201-467b-a0ee-f72d4935407d,0b1d20b0-cfce-4c6b-89da-846b6189beac,222,1
24/06/2024 07:24,c9c78bd6-b8fb-41c6-9e5b-d571870f48b8,04e88dfa-107a-49ec-b007-db36d9d27325,33,0
24/06/2024 08:13,514b7f16-c99b-4000-91d2-a77e69121ec0,f610de03-5b91-4dc5-b8cc-aae5b59cb8f5,33,1
24/06/2024 08:22,f08ea652-75b2-4476-b1d6-7242b9892b06,467fc520-9fe6-4137-a9e4-e427f0af9657,77,0
24/06/2024 08:40,c9c78bd6-b8fb-41c6-9e5b-d571870f48b8,0476e261-12f3-4634-922b-1355e00130f2,33,1
24/06/2024 08:55,89497e75-c201-467b-a0ee-f72d4935407d,82502625-d119-4c9f-b363-e01c1fa3d03b,222,1
24/06/2024 09:33,48acc1d6-d7a8-4f3f-ac40-c3023e6978ad,d64b6b5e-63aa-4ebb-9897-a06820eef596,222,0
24/06/2024 09:37,89497e75-c201-467b-a0ee-f72d4935407d,d13054c8-6646-4a61-813d-04749c2e0f3f,222,1
24/06/2024 09:42,a52bc46a-9c9c-486b-a2a4-47b705cae666,d35d0743-5db0-4148-b8ab-bb791210f6ee,55,0
24/06/2024 09:51,650be7d8-ae90-4e03-9900-1f97a8e29f72,060b0c9c-e7e7-44f0-b036-adb448eb2e41,22,0
24/06/2024 09:53,fd489fa4-d769-40ca-830b-5570853ae596,b69527e7-fb4e-47d5-8e63-32ca19950ab5,222,1
24/06/2024 10:05,f43c80d2-947e-48e8-a39c-df6e2877e6a4,d1791115-d770-4e83-bb0f-fc413f932367,222,1
24/06/2024 10:13,f43c80d2-947e-48e8-a39c-df6e2877e6a4,a5dfd423-7ff5-4cd8-b23f-c5104f3e6003,222,1
24/06/2024 10:17,4deba706-33ab-4b35-9e4c-f0cbd183b6c0,0210c72e-16cd-487f-8b9e-a84908740fc5,444,1
24/06/2024 10:19,48acc1d6-d7a8-4f3f-ac40-c3023e6978ad,bc605d8e-5d5d-45d2-b62a-46d7e846d702,222,1
24/06/2024 10:23,2def2916-6339-4856-b143-c2e8c058aeb5,337d8fed-0b73-4538-bbb7-975fdc085a78,444,0
24/06/2024 10:45,16b85637-387c-4f7c-bb0a-52c88e9e644f,4f40ac95-7804-4273-a49d-bc619cbd01ef,55,0
24/06/2024 10:53,2def2916-6339-4856-b143-c2e8c058aeb5,7630f9df-e5ee-40b7-97e4-85dd023df79a,444,1
24/06/2024 10:57,2def2916-6339-4856-b143-c2e8c058aeb5,7a5f2214-cd14-4355-9300-f874f9d32a67,444,1
24/06/2024 11:06,66151bcf-11f2-43a0-bee9-ac64086bbb70,be7d2dc7-8177-44f1-b248-25962b87d2e2,22,0
24/06/2024 11:15,f43c80d2-947e-48e8-a39c-df6e2877e6a4,86bcc86c-18ce-4a02-ac40-79052ed3515b,222,1
24/06/2024 11:26,af261405-bdc6-40c1-9244-9ddc793b1a2c,c89e1a4a-9167-4fba-bb0e-860bd0ea5179,22,1
24/06/2024 11:32,fd489fa4-d769-40ca-830b-5570853ae596,af36f04c-adcc-46e3-b328-cad60e1320ed,222,0
24/06/2024 11:36,f43c80d2-947e-48e8-a39c-df6e2877e6a4,7c6118e5-dda8-48de-b9b4-ce44b1495f99,222,1
24/06/2024 12:41,3f864594-91b7-4e63-afbe-aaa7b3f6633d,412e9471-7ff2-4e3b-9a4c-aa1482a4d3c3,1111,0
24/06/2024 12:45,3f864594-91b7-4e63-afbe-aaa7b3f6633d,e869c2f6-0231-444c-ae46-e288c067bd06,1111,1
24/06/2024 13:27,3f864594-91b7-4e63-afbe-aaa7b3f6633d,38d00047-6819-496b-81c8-c8e2658d28b7,1111,0
24/06/2024 15:10,372b3b4d-5180-4abc-9163-0ecff4a670c6,82ac3576-3f69-4f23-bbf0-c2c70a41e076,333,1
24/06/2024 16:42,8063ef4d-4bec-4229-80ba-0f06c5269c10,103b11ca-aab9-4374-a660-7d77ca920264,55,0
24/06/2024 17:24,8063ef4d-4bec-4229-80ba-0f06c5269c10,9df5615c-3027-439c-b9c8-92a24afd86f3,55,0
25/06/2024 04:25,86fc5bbf-abb6-482d-86d5-18f56de9a959,871326d8-1394-42f8-9ece-0216058345b4,77,1
25/06/2024 04:58,58126794-3f18-4bb0-8e01-ca6969728a60,71f04172-785a-4f2f-a870-e4ab72711223,77,1
25/06/2024 05:51,58126794-3f18-4bb0-8e01-ca6969728a60,5f33c107-a273-4bff-a693-195f9ed441cf,77,1
25/06/2024 06:01,a52bc46a-9c9c-486b-a2a4-47b705cae666,51fec601-de18-4981-96d8-9a9761ab8f31,55,0
25/06/2024 06:20,b2b4a5a9-df17-453b-b4ce-e69deea22ee4,1acd5d2a-d994-49ba-8a7b-2cb398ed53b7,11,1
25/06/2024 06:39,f08ea652-75b2-4476-b1d6-7242b9892b06,f2461331-659a-448d-a163-09f594d4b546,77,0
25/06/2024 07:12,6fb70030-d50e-4b45-8e26-c4922e74f50d,0a8c5c37-7b19-4949-9b35-d5a39c9491cc,99,1
25/06/2024 07:14,6fb70030-d50e-4b45-8e26-c4922e74f50d,8fb48456-c2a1-49c8-ae7c-c812a61ce899,99,0
25/06/2024 07:18,6fb70030-d50e-4b45-8e26-c4922e74f50d,8f482a1b-dc15-4152-8f58-bd681c52e910,99,0
25/06/2024 07:19,6fb70030-d50e-4b45-8e26-c4922e74f50d,6d8569ab-b902-47f7-8765-21bf7a7bbef0,99,0
25/06/2024 07:38,6fb70030-d50e-4b45-8e26-c4922e74f50d,4c2db820-2460-4504-9486-78866f54a8ff,99,0
25/06/2024 07:43,6fb70030-d50e-4b45-8e26-c4922e74f50d,c1de0e7c-19db-4470-a1f0-ced66f18b1f1,99,1
25/06/2024 07:44,6fb70030-d50e-4b45-8e26-c4922e74f50d,34edc9d1-77c5-44e7-8c27-6bd61ca1e681,99,0
25/06/2024 07:44,1b3c7492-05c8-4191-b8b8-d0a720c3c7e5,b26eced2-261a-41ab-9400-cb163a1a6cf5,99,0
25/06/2024 08:05,1b3c7492-05c8-4191-b8b8-d0a720c3c7e5,98ca370c-0c60-41d7-a68f-ab5de5168e29,99,1
25/06/2024 08:13,1b3c7492-05c8-4191-b8b8-d0a720c3c7e5,d3a4ac7e-a217-4cc3-8ae0-030a76f3e391,99,1
25/06/2024 08:34,1b3c7492-05c8-4191-b8b8-d0a720c3c7e5,6744ad49-ef76-414d-a9cd-fa43a7249663,99,1
25/06/2024 09:06,306d8910-942b-424a-80a7-058dce39ad91,382457ca-84d5-4380-917c-868418a93a92,77,1
25/06/2024 09:35,a52bc46a-9c9c-486b-a2a4-47b705cae666,96470125-dc59-4c93-a990-9a1edb1dd15f,55,0
25/06/2024 09:37,306d8910-942b-424a-80a7-058dce39ad91,f9db6fe2-87d4-4aeb-863f-34fafe73aef3,77,0
25/06/2024 16:54,8063ef4d-4bec-4229-80ba-0f06c5269c10,e702ad33-46bc-47b5-b68b-7829a8cd4fdc,55,1
25/06/2024 17:51,8063ef4d-4bec-4229-80ba-0f06c5269c10,1efdd6b8-02bc-41a8-9a0b-e1d15755ec95,55,1
26/06/2024 04:26,86fc5bbf-abb6-482d-86d5-18f56de9a959,41eb59bd-8f5d-4c7d-afb8-673178495d0d,77,0
26/06/2024 04:52,2a8bf277-cb1b-44a0-b516-715d771012d8,085453df-359d-4888-b0e4-962e02024dc4,444,1
26/06/2024 05:00,fd489fa4-d769-40ca-830b-5570853ae596,51e44853-24b9-455f-a3ab-d359e6eb8c9e,222,0
26/06/2024 05:03,89497e75-c201-467b-a0ee-f72d4935407d,11368cfd-282a-4d4f-8989-b5c168a02c9f,222,1
26/06/2024 05:10,48acc1d6-d7a8-4f3f-ac40-c3023e6978ad,9885d492-9f57-4cc8-839d-25179afb212b,222,0
26/06/2024 05:10,8063ef4d-4bec-4229-80ba-0f06c5269c10,245a1a13-1d1d-4f8b-9ea1-0a4df465e91f,55,0
26/06/2024 11:59,c77fcd44-fa4c-45b0-b905-ac9a8a8341be,36addf7e-5aaf-4dd6-984c-94b3c2bc82b9,111,1
26/06/2024 12:00,c77fcd44-fa4c-45b0-b905-ac9a8a8341be,daf70047-fb48-4229-8be9-d80fb3ffb1ae,111,0
26/06/2024 12:18,edb48f91-a7b4-4443-abd4-96ad00848f7d,840f1aca-12e2-4184-b6e0-7d0072cc8eb8,111,0
28/06/2024 10:27,4b09a920-965a-4549-ae0a-6aaac08b1094,289d9f83-1575-4b61-943e-249d969984c6,2222,0
28/06/2024 10:28,4b09a920-965a-4549-ae0a-6aaac08b1094,3f9c4e4f-bdc1-43f2-91c6-004f8f77f62f,2222,1
28/06/2024 10:29,4b09a920-965a-4549-ae0a-6aaac08b1094,c7b362fb-536d-403a-830a-ace003a14deb,2222,0
28/06/2024 10:37,4b09a920-965a-4549-ae0a-6aaac08b1094,02bb0f92-f38e-4005-95e1-bbdd3307b536,2222,0
30/06/2024 05:32,ec545aa6-3538-4e7c-a195-250d23a1fa35,661096a7-109f-49fd-8841-bd34257648b1,333,0
30/06/2024 07:24,3ba15dee-e96d-4ef8-bb54-4240fce658f7,8c2f55d5-286b-4480-9b5b-92f6ea8b522c,333,1
30/06/2024 07:37,3ba15dee-e96d-4ef8-bb54-4240fce658f7,d83b446a-14ae-4bdb-a1ed-485a8cb53be3,333,0
30/06/2024 07:38,3ba15dee-e96d-4ef8-bb54-4240fce658f7,29f05880-8e4e-4d7f-b49a-c7e7d9dc3346,333,0
30/06/2024 07:43,3ba15dee-e96d-4ef8-bb54-4240fce658f7,25eddabf-8c51-4d25-b2eb-577507369a0e,333,1
30/06/2024 07:57,3ba15dee-e96d-4ef8-bb54-4240fce658f7,cc43151b-2cdd-44fa-90e2-beff5b081613,333,0
30/06/2024 08:16,3ba15dee-e96d-4ef8-bb54-4240fce658f7,63aedd91-f722-401b-8289-dbae38ae4d6e,333,0
30/06/2024 08:44,3ba15dee-e96d-4ef8-bb54-4240fce658f7,18e9f173-c119-481d-ba36-32e2900570db,333,1
30/06/2024 09:57,ec545aa6-3538-4e7c-a195-250d23a1fa35,561995a6-1e97-4bcd-b11e-f2751b9b22a7,333,0
30/06/2024 09:57,ec545aa6-3538-4e7c-a195-250d23a1fa35,5f2da893-caad-41aa-9766-ea1d925c55e6,333,0
30/06/2024 09:58,ec545aa6-3538-4e7c-a195-250d23a1fa35,9659ffab-5ac9-4fdf-b42a-f8f40767ebf1,333,0
30/06/2024 09:59,ec545aa6-3538-4e7c-a195-250d23a1fa35,efe85c54-ba52-45f0-a2d0-8d5dd6445f4f,333,0
30/06/2024 10:02,ec545aa6-3538-4e7c-a195-250d23a1fa35,59bd4c7b-f6e7-42e1-a681-3a4a874eb168,333,0
30/06/2024 10:02,ec545aa6-3538-4e7c-a195-250d23a1fa35,59bd4c7b-f6e7-42e1-a681-3a4a874eb168,333,0
30/06/2024 10:02,ec545aa6-3538-4e7c-a195-250d23a1fa35,59bd4c7b-f6e7-42e1-a681-3a4a874eb168,333,0
30/06/2024 10:03,ec545aa6-3538-4e7c-a195-250d23a1fa35,59bd4c7b-f6e7-42e1-a681-3a4a874eb168,333,0
30/06/2024 10:03,ec545aa6-3538-4e7c-a195-250d23a1fa35,5ff828d3-8c7a-4b69-96a4-102a4b8d7092,333,0
30/06/2024 10:03,ec545aa6-3538-4e7c-a195-250d23a1fa35,5ff828d3-8c7a-4b69-96a4-102a4b8d7092,333,0
04/07/2024 06:51,79dbaf46-a9c7-4f09-9689-14c5842b0bd1,f58ace79-1a8d-41d6-b7e5-f2328efb3b9f,333,0
04/07/2024 06:54,79dbaf46-a9c7-4f09-9689-14c5842b0bd1,b107ffcb-617b-4080-9594-92f35ef8f04b,333,0
11/07/2024 11:16,8f69b751-0fee-4ee7-b87d-116d353344e2,840f1aca-12e2-4184-b6e0-7d0072cc8eb8,111,0
13/07/2024 07:27,83c6a0b3-744c-469f-9eb9-ceab2f5c6456,e2c6ad5a-d4b6-47ce-aaaf-4c60c34bd779,88,1
01/08/2024 05:53,f4d82e36-96a8-45da-840e-dd6a697a7471,e20c1b8c-ebad-4367-978a-a450cd7052dd,88,0
01/08/2024 07:19,f4d82e36-96a8-45da-840e-dd6a697a7471,bcfb1e66-a05a-4e36-af4e-a7d45685daee,88,1
01/08/2024 08:00,f4d82e36-96a8-45da-840e-dd6a697a7471,58b813cf-35ba-4cfc-9606-a3dd607facd2,88,1
01/08/2024 09:59,f4d82e36-96a8-45da-840e-dd6a697a7471,3c18f915-cc8a-4eeb-8b10-c2b32698540f,88,0
01/08/2024 10:14,83c6a0b3-744c-469f-9eb9-ceab2f5c6456,d2bb1e6a-ebb9-4ef3-8f50-187351a55b86,88,1
01/08/2024 11:12,83c6a0b3-744c-469f-9eb9-ceab2f5c6456,c3b0c55c-9b64-490c-95d1-4613f034edad,88,1
02/08/2024 13:00,a2c603e0-e7dc-48dc-99d2-a036c02beea4,7efb6bbb-5082-4a95-a547-20d15a1d1799,555,0
02/08/2024 13:05,d61d7c21-194f-43d7-999b-ffad35e064a9,7fa3b91a-d916-4d6b-8e03-8cb1042170a2,555,0
02/08/2024 13:35,d61d7c21-194f-43d7-999b-ffad35e064a9,47cf592e-7d20-4228-983c-7479eedd87c9,555,0
03/08/2024 05:45,83c6a0b3-744c-469f-9eb9-ceab2f5c6456,6216ac77-f927-471b-8b63-3ee327241b07,88,1
03/08/2024 09:52,a2c603e0-e7dc-48dc-99d2-a036c02beea4,cae11020-4d2d-4657-a696-e1316407c560,555,0
04/08/2024 09:37,d25ea705-f214-440a-afb0-fef1c8e227c3,200b8041-cac8-4a92-b415-c48d8020b473,99,0
04/08/2024 10:31,a2c603e0-e7dc-48dc-99d2-a036c02beea4,6b0606d4-22ca-4817-994d-b1ba3428dde4,555,1
04/08/2024 11:08,d25ea705-f214-440a-afb0-fef1c8e227c3,59418730-1519-40d0-8542-a83e490d3c45,99,0
04/08/2024 11:22,d25ea705-f214-440a-afb0-fef1c8e227c3,d5cca1a1-2af4-460a-92dd-d6aacd58a16f,99,0
06/08/2024 10:29,d25ea705-f214-440a-afb0-fef1c8e227c3,213a3282-9de9-45fa-8db0-8c87891b14a5,99,1
07/08/2024 06:16,d61d7c21-194f-43d7-999b-ffad35e064a9,3edcae5b-02be-41ab-aae7-127d505f2742,555,0
07/08/2024 07:08,a2c603e0-e7dc-48dc-99d2-a036c02beea4,e41531ac-3f18-4934-ae55-eb1c1a1f0fa3,555,1
07/08/2024 09:04,83c6a0b3-744c-469f-9eb9-ceab2f5c6456,88b3b112-8460-4bdc-b0fc-63b28d8536a9,88,1
07/08/2024 13:02,a2c603e0-e7dc-48dc-99d2-a036c02beea4,71b93ddd-e051-43ae-8615-b7af946a8496,555,1
08/08/2024 07:19,d25ea705-f214-440a-afb0-fef1c8e227c3,0a8c5c37-7b19-4949-9b35-d5a39c9491cc,99,1
08/08/2024 08:25,a2c603e0-e7dc-48dc-99d2-a036c02beea4,c225b42c-355a-4581-a9b6-2f8031e2bdde,555,0
08/08/2024 09:18,d61d7c21-194f-43d7-999b-ffad35e064a9,93ee2795-87db-4bfe-b227-2290a9d9adae,555,1
08/08/2024 13:30,a2c603e0-e7dc-48dc-99d2-a036c02beea4,cc416d38-0db6-4960-a034-ade45ed5e424,555,0
08/08/2024 13:49,d61d7c21-194f-43d7-999b-ffad35e064a9,229a28d2-b393-43db-b650-42ed2d690dbe,555,0
09/08/2024 11:36,d61d7c21-194f-43d7-999b-ffad35e064a9,51c375c3-a267-4526-a9a7-93628c9a4fa8,555,0
11/08/2024 06:37,d61d7c21-194f-43d7-999b-ffad35e064a9,4a28dd35-5d85-40f3-9f95-30d0f8d1b865,555,0
12/08/2024 07:15,83c6a0b3-744c-469f-9eb9-ceab2f5c6456,b9fd5206-baf4-4a66-9f8a-d67b8644aa64,88,0
12/08/2024 07:31,a2c603e0-e7dc-48dc-99d2-a036c02beea4,28761db3-e83f-48e6-8d20-6a73c8c06c8e,555,1
12/08/2024 14:01,d61d7c21-194f-43d7-999b-ffad35e064a9,dd282887-acd2-4679-9c6d-8a408fbc8f48,555,1
19/08/2024 07:17,a2c603e0-e7dc-48dc-99d2-a036c02beea4,5e5305b9-1344-414e-80c7-aa41c618ed7d,555,1
19/08/2024 07:19,a2c603e0-e7dc-48dc-99d2-a036c02beea4,6ed9ca54-8ab4-4fbf-9448-c37a80d77281,555,1
19/08/2024 07:20,a2c603e0-e7dc-48dc-99d2-a036c02beea4,f62548c5-76f4-409f-8010-3489221e2e35,555,0
19/08/2024 07:21,a2c603e0-e7dc-48dc-99d2-a036c02beea4,674397db-497f-437c-a8c7-0798ffcf98d0,555,1
19/08/2024 07:34,a2c603e0-e7dc-48dc-99d2-a036c02beea4,142681a0-e845-4313-b44d-60aa8c802a06,555,0
30/08/2024 10:21,fe745737-7e7c-4840-893f-8fc73df24c8b,b020d8c0-82e7-429b-a212-8f9e5b8ea5e5,44,1
30/08/2024 10:22,fe745737-7e7c-4840-893f-8fc73df24c8b,4bced198-3a88-4f81-a0af-24d69561ca71,44,0
30/08/2024 10:22,fe745737-7e7c-4840-893f-8fc73df24c8b,3966b4a7-25ff-4f6b-9fd0-50184eb67825,44,0
30/08/2024 10:25,fe745737-7e7c-4840-893f-8fc73df24c8b,ee8e5375-1f8d-4a1f-9068-4784b891fd17,44,1
31/08/2024 06:46,fe745737-7e7c-4840-893f-8fc73df24c8b,dec06744-4c6f-4425-8b9d-98732dd84860,44,0
31/08/2024 06:46,fe745737-7e7c-4840-893f-8fc73df24c8b,75710ca1-2a19-411f-b1cd-032868fc07b2,44,0
31/08/2024 06:52,fe745737-7e7c-4840-893f-8fc73df24c8b,9e033b4b-6925-4491-a5e0-33e0637719ad,44,1
31/08/2024 07:01,fe745737-7e7c-4840-893f-8fc73df24c8b,403721ba-92cc-4f17-adaf-bb1e6d5b186d,44,1
31/08/2024 07:01,fe745737-7e7c-4840-893f-8fc73df24c8b,6d59076d-e258-4e76-a1b7-c3c167aa8f43,44,0
31/08/2024 07:02,fe745737-7e7c-4840-893f-8fc73df24c8b,6055cb14-bb89-4c6d-a7fa-57c186bae89d,44,0
31/08/2024 07:07,fe745737-7e7c-4840-893f-8fc73df24c8b,76f1cdc8-8e94-44b8-ac76-ac8ca12328c7,44,1
31/08/2024 07:07,fe745737-7e7c-4840-893f-8fc73df24c8b,c6f4dd19-414b-47dd-b7c6-7a4e2d46b251,44,0
31/08/2024 07:08,fe745737-7e7c-4840-893f-8fc73df24c8b,f4518951-0611-4775-8e23-ca5b00d0a9fb,44,0
31/08/2024 07:13,fe745737-7e7c-4840-893f-8fc73df24c8b,969eca82-3804-401b-97df-4900f1a485a3,44,1
31/08/2024 07:13,fe745737-7e7c-4840-893f-8fc73df24c8b,4d20346c-9c4b-418d-ac33-3abb5bbacdb0,44,0
31/08/2024 07:18,fe745737-7e7c-4840-893f-8fc73df24c8b,2c30512c-5512-4d3c-93d4-c38696204a95,44,1
31/08/2024 07:24,fe745737-7e7c-4840-893f-8fc73df24c8b,6345b7e3-46f0-49a3-950e-073d68f6a27c,44,0
31/08/2024 07:24,fe745737-7e7c-4840-893f-8fc73df24c8b,4b956344-5b4c-4ebf-9e8c-b62ef9dd058b,44,0
01/09/2024 06:46,a483041e-7495-492d-b876-ad2f136f369a,5f64602e-a06e-4d2d-9d7b-2e2759384ed9,66,1
01/09/2024 09:10,a483041e-7495-492d-b876-ad2f136f369a,ce68ebcc-9439-40f4-a06d-ca76dab55156,66,0
02/09/2024 05:00,a483041e-7495-492d-b876-ad2f136f369a,0cd0cf54-fba1-4a8c-88a9-b73687986998,66,1
02/09/2024 05:35,a483041e-7495-492d-b876-ad2f136f369a,85b5acc4-a948-4711-87e0-d7a6cec4d23b,66,0
02/09/2024 06:15,a483041e-7495-492d-b876-ad2f136f369a,314f2268-a19a-4387-ad42-0377b5940c21,66,0
02/09/2024 10:17,48acc1d6-d7a8-4f3f-ac40-c3023e6978ad,6401c467-563f-4006-aece-84341bd8b60f,222,1
02/09/2024 10:23,bbce933c-a40d-4cee-88a7-a4c54f28e6b0,66ff69be-1343-489f-b2e9-2e21bbc7d8a8,666,0
02/09/2024 10:27,bbce933c-a40d-4cee-88a7-a4c54f28e6b0,9ec54a08-18e0-421a-b3a8-96dfdd895cd8,666,1
02/09/2024 10:28,bbce933c-a40d-4cee-88a7-a4c54f28e6b0,45cc244b-aed2-47d1-ae77-4eca87f14151,666,0
02/09/2024 10:46,bbce933c-a40d-4cee-88a7-a4c54f28e6b0,571d5d2b-90b8-489a-937d-8a6dd9a55256,666,0
04/09/2024 04:39,a483041e-7495-492d-b876-ad2f136f369a,b8259173-517f-456b-b148-ad5c1f263417,66,0
04/09/2024 04:52,a483041e-7495-492d-b876-ad2f136f369a,098fc231-6bd6-4c67-9cc8-5a09c3eb82b3,66,1
04/09/2024 07:12,bbce933c-a40d-4cee-88a7-a4c54f28e6b0,cfaf94aa-145a-47fc-9b6c-804ddc32e693,666,1
04/09/2024 07:13,bbce933c-a40d-4cee-88a7-a4c54f28e6b0,465182c1-f1e8-496e-95e7-3f1cabdda4e2,666,0
04/09/2024 07:18,bbce933c-a40d-4cee-88a7-a4c54f28e6b0,382eabf9-103c-4007-b4c3-fb0d4d18469c,666,1
04/09/2024 07:54,bbce933c-a40d-4cee-88a7-a4c54f28e6b0,4cfccac1-c34f-43d0-adb0-f086f1056f27,666,1
04/09/2024 11:43,5673cfb3-2e72-437b-b17f-35ba4726bc71,03917bb2-5291-49a3-a4d3-918faf76b59e,666,1
04/09/2024 11:51,5673cfb3-2e72-437b-b17f-35ba4726bc71,514bf918-a49b-46d1-9ca7-145917a14d1f,666,0
04/09/2024 12:14,a483041e-7495-492d-b876-ad2f136f369a,edd16a65-6c85-4fad-ad58-7677a6da8950,66,0
05/09/2024 04:43,a483041e-7495-492d-b876-ad2f136f369a,87b2d2e0-5c1c-4a44-9d48-9ee10a938dbd,66,0
05/09/2024 10:13,a483041e-7495-492d-b876-ad2f136f369a,b0e366df-a126-40fc-acad-733d21ac5bbb,66,1
05/09/2024 12:16,a483041e-7495-492d-b876-ad2f136f369a,ca99d06c-583c-45e5-8466-c3e4a421cbf0,66,1
06/09/2024 09:29,a483041e-7495-492d-b876-ad2f136f369a,bbede57d-8a97-4261-a266-01317990e14b,66,1
06/09/2024 10:33,5673cfb3-2e72-437b-b17f-35ba4726bc71,701a4104-25ce-4400-8033-09b8ec0bc4fa,666,1
06/09/2024 11:18,a483041e-7495-492d-b876-ad2f136f369a,5b15d01c-d5d8-4519-a749-55804a9550bf,66,1
06/09/2024 11:23,5673cfb3-2e72-437b-b17f-35ba4726bc71,86e07602-31a3-4d01-aec4-be07c68309f6,666,0
06/09/2024 11:52,5673cfb3-2e72-437b-b17f-35ba4726bc71,43d7c05b-9e83-48d1-a95d-9c8dad307ccd,666,1
07/09/2024 04:49,a483041e-7495-492d-b876-ad2f136f369a,b9290414-e2ae-4828-bbb6-9c0493d736a1,66,1
07/09/2024 05:00,a483041e-7495-492d-b876-ad2f136f369a,be838ec1-aef4-4cba-9025-3ba809f805a1,66,1
07/09/2024 05:15,a483041e-7495-492d-b876-ad2f136f369a,ea29e8b4-8499-44e8-bb99-a7e8fb6f2c7d,66,1
07/09/2024 06:43,5673cfb3-2e72-437b-b17f-35ba4726bc71,f462299f-5d73-4fcf-a1c9-4a9907496f29,666,1
07/09/2024 06:45,5673cfb3-2e72-437b-b17f-35ba4726bc71,8cef6d9e-59ce-4464-81c4-5e0774364318,666,1
07/09/2024 08:56,5673cfb3-2e72-437b-b17f-35ba4726bc71,5dbf2e65-94c1-4dba-b030-55a3643c32c9,666,1
07/09/2024 11:15,5673cfb3-2e72-437b-b17f-35ba4726bc71,17102c43-0a67-4858-a81f-85dd39a4e1d3,666,1
07/09/2024 11:15,5673cfb3-2e72-437b-b17f-35ba4726bc71,16fe5ff2-1939-4909-8a1e-ca1b492b5f3a,666,0
07/09/2024 11:15,5673cfb3-2e72-437b-b17f-35ba4726bc71,3d961bf9-72b6-4c64-a8c8-6ae60ed66534,666,0
07/09/2024 11:16,5673cfb3-2e72-437b-b17f-35ba4726bc71,84eb5fd8-7835-4595-b562-9985adb2447b,666,1
07/09/2024 11:26,5673cfb3-2e72-437b-b17f-35ba4726bc71,c5683c26-7f7a-41b9-b1c5-8d6713750540,666,0
07/09/2024 11:27,a483041e-7495-492d-b876-ad2f136f369a,3b19cca2-0026-4042-b109-560991c02387,66,1
07/09/2024 11:30,a483041e-7495-492d-b876-ad2f136f369a,1e5daabd-46b4-45a3-ae65-b8db127966f6,66,1
07/09/2024 12:32,a483041e-7495-492d-b876-ad2f136f369a,9f6330d0-4537-4a23-a75e-8b1e9e98dfcf,66,1
08/09/2024 05:08,a483041e-7495-492d-b876-ad2f136f369a,b33e63b0-8f02-46e3-832b-8d89bd07a05f,66,1
08/09/2024 06:29,a483041e-7495-492d-b876-ad2f136f369a,cd67d4f5-d5c4-47c9-8edb-ac44283a7838,66,0
